epoch,train_normalized_mse,validation_normalized_mse
1.000000000000000000e+00,1.120726558377904830e-01,6.258400653731676089e-01
2.000000000000000000e+00,9.073439997355352282e-02,6.693803754617905222e-01
3.000000000000000000e+00,7.466654436688187346e-02,6.813258204568876097e-01
4.000000000000000000e+00,6.191610645234310595e-02,6.962770116404971565e-01
5.000000000000000000e+00,5.142118559259615390e-02,7.120735861972022906e-01
6.000000000000000000e+00,4.362210668371871436e-02,7.280947484590879482e-01
7.000000000000000000e+00,3.646970399536962615e-02,7.393187915244231467e-01
8.000000000000000000e+00,3.136780472364063266e-02,7.450342327603519665e-01
9.000000000000000000e+00,2.591897393895606361e-02,7.682787730726687858e-01
1.000000000000000000e+01,2.187734242650988745e-02,7.810571222043806161e-01
1.100000000000000000e+01,1.870842930873682641e-02,8.003993784397259725e-01
1.200000000000000000e+01,1.622605093701097456e-02,8.160810467471569796e-01
1.300000000000000000e+01,1.409399988170521173e-02,8.277602967025758929e-01
1.400000000000000000e+01,1.240356501889304172e-02,8.337526333257505584e-01
1.500000000000000000e+01,1.112694712987825213e-02,8.538450371493775393e-01
1.600000000000000000e+01,1.004598274485603293e-02,8.676899845416474744e-01
1.700000000000000000e+01,9.014438080699084185e-03,8.795608087641265671e-01
1.800000000000000000e+01,8.263861068423505526e-03,9.004710925004505429e-01
1.900000000000000000e+01,7.762243351074827463e-03,9.169844831219738923e-01
2.000000000000000000e+01,7.102441899342224092e-03,9.391604794935637379e-01
2.100000000000000000e+01,6.714580760558749167e-03,9.465503044057320681e-01
2.200000000000000000e+01,6.274059355120304923e-03,9.676601685801724528e-01
2.300000000000000000e+01,5.932663120394436954e-03,9.888487763860763780e-01
2.400000000000000000e+01,5.663105131381338843e-03,9.971207316839816315e-01
2.500000000000000000e+01,5.387548577644517972e-03,1.019239407464129776e+00
2.600000000000000000e+01,5.340658702265777512e-03,1.027916629309836294e+00
2.700000000000000000e+01,5.191189653402521025e-03,1.040132648976490382e+00
2.800000000000000000e+01,4.812959703926993418e-03,1.061580653414988973e+00
2.900000000000000000e+01,4.716582077365652492e-03,1.074703205768424041e+00
3.000000000000000000e+01,4.541374913929417320e-03,1.084680899905269502e+00
3.100000000000000000e+01,4.460106474012343405e-03,1.095392503067093237e+00
3.200000000000000000e+01,4.392751160373441384e-03,1.111319702817690214e+00
3.300000000000000000e+01,4.235451139701778243e-03,1.120185473050768987e+00
3.400000000000000000e+01,4.207445122602021179e-03,1.128871827679910345e+00
3.500000000000000000e+01,4.091918305280074601e-03,1.137160087418209287e+00
3.600000000000000000e+01,4.076415901138377360e-03,1.144889918825394037e+00
3.700000000000000000e+01,4.108064682105865527e-03,1.154551567822852176e+00
3.800000000000000000e+01,3.835650168370239536e-03,1.159404847824503149e+00
3.900000000000000000e+01,3.759136489059157482e-03,1.179187112600694975e+00
4.000000000000000000e+01,3.878275934823984319e-03,1.177677024910943171e+00
4.100000000000000000e+01,3.741823393881657783e-03,1.186458860538008420e+00
4.200000000000000000e+01,3.614716323283898372e-03,1.197446537876559969e+00
4.300000000000000000e+01,3.546903944424569920e-03,1.212289107410518429e+00
4.400000000000000000e+01,3.594807427106829715e-03,1.214409301682297437e+00
4.500000000000000000e+01,3.492699647541512315e-03,1.229262921254030472e+00
4.600000000000000000e+01,3.416033926994295738e-03,1.230933744194444790e+00
4.700000000000000000e+01,3.412755750796720756e-03,1.231576908647010082e+00
4.800000000000000000e+01,3.279671273905116965e-03,1.246271147210362473e+00
4.900000000000000000e+01,3.361095275630865929e-03,1.253328788017841644e+00
5.000000000000000000e+01,3.390657189452731327e-03,1.268703940849033929e+00
5.100000000000000000e+01,3.191592759517046952e-03,1.269868064386711515e+00
5.200000000000000000e+01,3.392094232184472615e-03,1.263900416152156314e+00
5.300000000000000000e+01,3.134388347754872746e-03,1.282785033872986924e+00
5.400000000000000000e+01,3.115368712094761933e-03,1.289442504422843472e+00
5.500000000000000000e+01,3.238508273468587804e-03,1.302635501614924030e+00
5.600000000000000000e+01,3.072090686631585767e-03,1.304553562157090063e+00
5.700000000000000000e+01,3.033879538086197303e-03,1.304847199671450575e+00
5.800000000000000000e+01,3.235279636281343345e-03,1.319632462068425660e+00
5.900000000000000000e+01,3.120131169850243191e-03,1.321506387186705433e+00
6.000000000000000000e+01,2.943678619525928308e-03,1.325884203440746090e+00
6.100000000000000000e+01,2.965304670767103957e-03,1.322294786183517701e+00
6.200000000000000000e+01,3.105838520633597954e-03,1.339217946112284841e+00
6.300000000000000000e+01,2.970904770333378589e-03,1.340998419695203836e+00
6.400000000000000000e+01,3.019629524372756391e-03,1.357444730240684239e+00
6.500000000000000000e+01,3.149018718858842634e-03,1.347685295505454128e+00
6.600000000000000000e+01,3.268321928606490127e-03,1.363013952869197132e+00
6.700000000000000000e+01,2.819177795376505511e-03,1.370464100345155423e+00
6.800000000000000000e+01,2.826205205434222621e-03,1.365050203927670625e+00
6.900000000000000000e+01,3.012057381601430852e-03,1.372978731950840858e+00
7.000000000000000000e+01,2.834580422933483113e-03,1.375231573580931288e+00
7.100000000000000000e+01,2.840990149850118694e-03,1.379560279419067559e+00
7.200000000000000000e+01,2.752208821823778212e-03,1.386063970600525774e+00
7.300000000000000000e+01,2.977849411949693836e-03,1.393659134436433966e+00
7.400000000000000000e+01,2.847052289898943482e-03,1.402111788056783270e+00
7.500000000000000000e+01,2.731061078238372717e-03,1.398041064773958508e+00
7.600000000000000000e+01,2.759878941723919663e-03,1.397561674648595043e+00
7.700000000000000000e+01,2.967259264649092006e-03,1.414347265155617928e+00
7.800000000000000000e+01,2.936241415572725128e-03,1.420670862523770506e+00
7.900000000000000000e+01,2.828027536324301695e-03,1.411403499653716365e+00
8.000000000000000000e+01,2.658765131135340434e-03,1.418903803053114032e+00
8.100000000000000000e+01,2.653045906624061125e-03,1.425060933483476511e+00
8.200000000000000000e+01,2.735114172950439421e-03,1.427191622331450471e+00
8.300000000000000000e+01,2.693940779954359047e-03,1.434074889338911918e+00
8.400000000000000000e+01,2.784693256389672925e-03,1.438209471358739000e+00
8.500000000000000000e+01,2.677294881973500511e-03,1.440002827123807005e+00
8.600000000000000000e+01,2.783768488323227173e-03,1.441873113225057956e+00
8.700000000000000000e+01,2.697470645408976252e-03,1.445007541763800640e+00
8.800000000000000000e+01,2.765906894887860696e-03,1.449137770822558346e+00
8.900000000000000000e+01,2.840156859641431754e-03,1.452480341994891067e+00
9.000000000000000000e+01,2.785794206499128851e-03,1.461818245907624103e+00
9.100000000000000000e+01,2.539981577234169934e-03,1.453564177897221921e+00
9.200000000000000000e+01,2.655354171144135716e-03,1.457975089247982359e+00
9.300000000000000000e+01,2.579018274964699209e-03,1.465444459143738110e+00
9.400000000000000000e+01,2.623976122292207697e-03,1.467804561239317795e+00
9.500000000000000000e+01,2.749080819156554320e-03,1.472637393879349998e+00
9.600000000000000000e+01,2.646612767359223916e-03,1.468183354870750579e+00
9.700000000000000000e+01,2.749138681012158920e-03,1.468406951964770224e+00
9.800000000000000000e+01,2.674077462125861848e-03,1.482279341356640856e+00
9.900000000000000000e+01,2.567168080012596255e-03,1.475040686212317320e+00
1.000000000000000000e+02,2.600235117853740008e-03,1.482946677284427306e+00
1.010000000000000000e+02,2.636308795346375532e-03,1.481013076225217162e+00
1.020000000000000000e+02,2.543239181080629747e-03,1.483393038394783314e+00
1.030000000000000000e+02,2.516018306669786427e-03,1.481944099243304169e+00
1.040000000000000000e+02,2.521122371340853239e-03,1.490897857751088740e+00
1.050000000000000000e+02,2.506532640085920582e-03,1.492980037845522245e+00
1.060000000000000000e+02,2.524922924022245194e-03,1.489983197093779799e+00
1.070000000000000000e+02,2.683069569885303176e-03,1.489960717396935141e+00
1.080000000000000000e+02,2.733182909049192491e-03,1.494592347289000145e+00
1.090000000000000000e+02,2.472233109131628977e-03,1.490299666999346240e+00
1.100000000000000000e+02,2.556530641849824592e-03,1.493091873764613053e+00
1.110000000000000000e+02,2.495815369436266053e-03,1.494408303425469819e+00
1.120000000000000000e+02,2.635235959012869646e-03,1.504489676516596930e+00
1.130000000000000000e+02,2.638245694471908365e-03,1.494126516564205254e+00
1.140000000000000000e+02,2.528356625002487965e-03,1.504276567703724643e+00
1.150000000000000000e+02,2.574087798385718290e-03,1.498762709849890129e+00
1.160000000000000000e+02,2.519807662067754996e-03,1.507337603964545858e+00
1.170000000000000000e+02,2.948206007414592902e-03,1.492302529354385898e+00
1.180000000000000000e+02,2.731139358450630338e-03,1.506463355337753107e+00
1.190000000000000000e+02,2.566089486413450447e-03,1.499293412519915103e+00
1.200000000000000000e+02,2.622370229570008572e-03,1.501438700868565235e+00
1.210000000000000000e+02,2.472298685642354901e-03,1.500792783454056645e+00
1.220000000000000000e+02,2.536387908647475594e-03,1.508931959881461005e+00
1.230000000000000000e+02,2.530971118955419215e-03,1.504226946234844764e+00
1.240000000000000000e+02,2.500518542975845894e-03,1.509628024906606303e+00
1.250000000000000000e+02,2.552742386675085819e-03,1.504240235479748167e+00
1.260000000000000000e+02,2.461089036650807027e-03,1.509087343680606264e+00
1.270000000000000000e+02,2.504252010508548672e-03,1.502505438837090423e+00
1.280000000000000000e+02,2.670067659166280947e-03,1.508879977274899087e+00
1.290000000000000000e+02,2.483951431216460844e-03,1.512659857339042180e+00
1.300000000000000000e+02,2.497465202323911025e-03,1.506635903187773184e+00
1.310000000000000000e+02,2.946980121284317310e-03,1.505808782960778025e+00
1.320000000000000000e+02,2.677639661767065946e-03,1.500458527740653025e+00
1.330000000000000000e+02,2.557907610546995229e-03,1.508819553109276956e+00
1.340000000000000000e+02,2.458448995964041504e-03,1.511349968073235184e+00
1.350000000000000000e+02,2.518866077719932300e-03,1.512703673143141359e+00
1.360000000000000000e+02,2.471583735790339100e-03,1.502763434378788787e+00
1.370000000000000000e+02,2.757793758657713177e-03,1.511167640512486976e+00
1.380000000000000000e+02,2.548711829845208120e-03,1.508916720112697618e+00
1.390000000000000000e+02,2.431310625152692095e-03,1.514324488893986631e+00
1.400000000000000000e+02,2.465556902554834947e-03,1.512911539052671284e+00
1.410000000000000000e+02,2.700689656361009855e-03,1.502588886908468480e+00
1.420000000000000000e+02,2.468943038868921889e-03,1.504371552975448223e+00
1.430000000000000000e+02,2.430980785074480805e-03,1.503796086697547052e+00
1.440000000000000000e+02,2.436550643256310197e-03,1.514553370144923417e+00
1.450000000000000000e+02,2.532350498567456469e-03,1.505534566789521689e+00
1.460000000000000000e+02,2.496501500395566057e-03,1.506815822958099682e+00
1.470000000000000000e+02,2.526215933076926112e-03,1.499772697815289879e+00
1.480000000000000000e+02,2.372609014946630655e-03,1.503626239391957498e+00
1.490000000000000000e+02,2.353327538073636972e-03,1.504180938639862131e+00
1.500000000000000000e+02,2.422904810808896615e-03,1.506211346590150990e+00
1.510000000000000000e+02,2.400952802553109507e-03,1.509204164968994677e+00
1.520000000000000000e+02,2.459811602965568649e-03,1.503392902335583425e+00
1.530000000000000000e+02,2.433035796091580737e-03,1.496747617356517068e+00
1.540000000000000000e+02,2.485414827272818851e-03,1.495040625171310644e+00
1.550000000000000000e+02,2.566287266853598675e-03,1.495131155958210112e+00
1.560000000000000000e+02,2.602270063136272963e-03,1.510720728289937975e+00
1.570000000000000000e+02,2.579557085005089890e-03,1.506030872530019771e+00
1.580000000000000000e+02,2.495259449175191071e-03,1.507886657407855102e+00
1.590000000000000000e+02,2.317033672299957051e-03,1.502244845450232402e+00
1.600000000000000000e+02,2.435018269478913307e-03,1.508900258905416569e+00
1.610000000000000000e+02,2.347670290923228268e-03,1.497067242361651562e+00
1.620000000000000000e+02,2.331244035390069892e-03,1.500043230534846561e+00
1.630000000000000000e+02,2.464291279570373760e-03,1.495043534520507311e+00
1.640000000000000000e+02,2.571823974260649143e-03,1.500358955737198796e+00
1.650000000000000000e+02,2.339338781514164849e-03,1.500300541155183520e+00
1.660000000000000000e+02,2.538203966127870140e-03,1.497088443797776725e+00
1.670000000000000000e+02,2.360047177280959543e-03,1.494297708095400301e+00
1.680000000000000000e+02,2.295167609834614531e-03,1.500564746613000988e+00
1.690000000000000000e+02,2.415228357378637267e-03,1.496538118917150495e+00
1.700000000000000000e+02,2.320382345548669713e-03,1.501025658601484070e+00
1.710000000000000000e+02,2.376340302401441350e-03,1.502938828990343145e+00
1.720000000000000000e+02,2.361363451703947687e-03,1.495616574434436963e+00
1.730000000000000000e+02,2.378717662602819645e-03,1.502701368806925286e+00
1.740000000000000000e+02,2.528601507809385366e-03,1.494950403350029822e+00
1.750000000000000000e+02,2.342838332378530380e-03,1.509950196796983724e+00
1.760000000000000000e+02,2.385285872359969861e-03,1.491399970114643203e+00
1.770000000000000000e+02,2.258837858597143988e-03,1.492847634193710915e+00
1.780000000000000000e+02,2.301699428233167609e-03,1.496558708235585122e+00
1.790000000000000000e+02,2.375231681283720628e-03,1.496121608780614398e+00
1.800000000000000000e+02,2.407029984765720991e-03,1.484927642999105846e+00
1.810000000000000000e+02,2.227651162228457861e-03,1.489870625213860933e+00
1.820000000000000000e+02,2.246544746614094826e-03,1.494653093724439996e+00
1.830000000000000000e+02,2.274548782034670896e-03,1.496401185738872819e+00
1.840000000000000000e+02,2.300187832975016198e-03,1.482185872937100246e+00
1.850000000000000000e+02,2.282906362872841061e-03,1.490772162010301605e+00
1.860000000000000000e+02,2.631328793479235061e-03,1.479382007873970561e+00
1.870000000000000000e+02,2.339779150373965614e-03,1.495847763699826638e+00
1.880000000000000000e+02,2.534071180111238577e-03,1.489043916144335400e+00
1.890000000000000000e+02,2.423077230120990449e-03,1.490363163973956517e+00
1.900000000000000000e+02,2.459907523877096110e-03,1.495893876585929316e+00
1.910000000000000000e+02,2.262526554670669151e-03,1.493683540891083794e+00
1.920000000000000000e+02,2.196744049491025901e-03,1.485986755240916946e+00
1.930000000000000000e+02,2.489872414355781636e-03,1.485394465867021729e+00
1.940000000000000000e+02,2.234964928650278945e-03,1.489818452058137455e+00
1.950000000000000000e+02,2.219100534719542842e-03,1.493772066584267533e+00
1.960000000000000000e+02,2.231643396184417472e-03,1.489893704089293225e+00
1.970000000000000000e+02,2.260514344989035529e-03,1.489691059965624120e+00
1.980000000000000000e+02,2.422413736478690096e-03,1.494008307358241749e+00
1.990000000000000000e+02,2.304346091680598962e-03,1.497843348966692023e+00
2.000000000000000000e+02,2.261834337399969835e-03,1.484412008900301894e+00
2.010000000000000000e+02,2.416471012438729197e-03,1.486656358699764535e+00
